id,REF,Nome,"Descrição curta","Peso (kg)","Comprimento (cm)","Largura (cm)","Altura (cm)",Preço,Categorias,Imagem1,Imagem2,Imagem3,Imagem4,Imagem5,Imagem6
303,NR-186-15x15,"Azulejos exclusivos com número de casa","Azulejo personalizado com número de residência feito sob encomenda",,,,,"60,00","Cerâmica personalizada com número de residência",http://atelielukabrasil.com.br/wp-content/uploads/2013/12/Numero-de-casa-em-placa-de-azulejo-.jpg,,,http://atelielukabrasil.com.br/wp-content/uploads/2013/12/173.jpg,,
305,NR-236-15x15,"Numero exclusivo feito em azulejo decorado","Azulejo descorado e personalizado com número de residência feito sob encomenda",,,,,"60,00","Cerâmica personalizada com número de residência",http://atelielukabrasil.com.br/wp-content/uploads/2013/12/Azulejo-decorado-com-numero-para-residencia.jpg,http://atelielukabrasil.com.br/wp-content/uploads/2013/12/Azulejo-de-cerâmica-com-número-de-casa.jpg,http://atelielukabrasil.com.br/wp-content/uploads/2013/12/Azulejo-com-número-de-casa-numero-de-casa-com-azulejo.jpg,http://atelielukabrasil.com.br/wp-content/uploads/2013/12/Azulejo-com-numero-de-residencia.jpg,http://atelielukabrasil.com.br/wp-content/uploads/2013/12/Numero-de-casa-no-azulejo.jpg,http://atelielukabrasil.com.br/wp-content/uploads/2013/12/numero-de-cas-gravado-no-azulejo.jpg
307,NR-380-15x15,"Azulejos exclusivos com número de casa","Azulejo personalizado e decorado com número de residência, feito sob encomenda",,,,,"60,00","Cerâmica personalizada com número de residência",http://atelielukabrasil.com.br/wp-content/uploads/2013/12/Azulejo-personalizado-com-numero-de-casa-1.jpg,http://atelielukabrasil.com.br/wp-content/uploads/2013/12/Numero-de-residencia-gravado-no-azulejo.jpg,http://atelielukabrasil.com.br/wp-content/uploads/2013/12/Azulejo-decorado-com-numero-de-casa.jpg,http://atelielukabrasil.com.br/wp-content/uploads/2013/12/Azulejo-com-numero-de-residencia.jpg,http://atelielukabrasil.com.br/wp-content/uploads/2013/12/Numero-no-azulejo-decorado-.jpg,http://atelielukabrasil.com.br/wp-content/uploads/2013/12/Numero-de-casa-em-azulejo-2.jpg
309,NR-15x15-54,"Número pra sua casa em azulejo","Azulejo decorado artesanalmente com número de residência, feito sob encomenda",,,,,"60,00","Cerâmica personalizada com número de residência",http://atelielukabrasil.com.br/wp-content/uploads/2013/12/Diagonal_-LB-54_B.jpg,,,,,
312,NR-325-15x15,"Endereço de casa gravado em azulejo","Azulejo personalizado com número de residência feito sob encomenda",,,,,"60,00","Cerâmica personalizada com número de residência",http://atelielukabrasil.com.br/wp-content/uploads/2013/12/Numero-de-casa-gravado-em-azulejo.jpg,http://atelielukabrasil.com.br/wp-content/uploads/2013/12/Azulejo-decorado-com-numero-de-casa.jpg,http://atelielukabrasil.com.br/wp-content/uploads/2013/12/Numero-de-residencia-gravado-no-azulejo.jpg,http://atelielukabrasil.com.br/wp-content/uploads/2013/12/Numero-de-casa-em-azulejo-2.jpg,http://atelielukabrasil.com.br/wp-content/uploads/2013/12/Azulejo-com-numero-de-residencia.jpg,http://atelielukabrasil.com.br/wp-content/uploads/2013/12/Azulejo-personalizado-com-numero-de-casa-1.jpg
320,NR-15x15-261,"Azulejos decorados | números para residências","Número de residência gravado em azulejo e feito sob encomenda",,,,,"60,00","Cerâmica personalizada com número de residência",http://atelielukabrasil.com.br/wp-content/uploads/2013/12/numero-de-cas-gravado-no-azulejo.jpg,http://atelielukabrasil.com.br/wp-content/uploads/2013/12/Azulejo-decorado-com-numero-de-casa.jpg,http://atelielukabrasil.com.br/wp-content/uploads/2013/12/Numero-de-casa-gravado-no-azulejo.jpg,http://atelielukabrasil.com.br/wp-content/uploads/2013/12/Numero-de-residencia-gravado-no-azulejo.jpg,http://atelielukabrasil.com.br/wp-content/uploads/2013/12/Numero-de-casa-em-azulejo-3.jpg,http://atelielukabrasil.com.br/wp-content/uploads/2013/12/Numero-de-casa-gravado-em-azulejo.jpg
322,NR-243-15x15,"Azulejo com número de casa","Azulejo decorado com número de residência feito sob encomenda",,,,,"60,00","Cerâmica personalizada com número de residência",http://atelielukabrasil.com.br/wp-content/uploads/2013/12/Numero-de-casa-no-azulejo.jpg,http://atelielukabrasil.com.br/wp-content/uploads/2013/12/Azulejo-com-numero-de-residencia.jpg,http://atelielukabrasil.com.br/wp-content/uploads/2013/12/numero-de-cas-gravado-no-azulejo.jpg,http://atelielukabrasil.com.br/wp-content/uploads/2013/12/Azulejo-personalizado-com-numero-de-casa-1.jpg,http://atelielukabrasil.com.br/wp-content/uploads/2013/12/Numero-de-casa-gravado-no-azulejo.jpg,http://atelielukabrasil.com.br/wp-content/uploads/2013/12/Numero-de-casa-em-azulejo-2.jpg
332,NR-ap-3,"Número exclusivo para casa","Ideal para apto., condomínio e vilas.",,,,,"60,00","Cerâmica personalizada com número de residência",http://atelielukabrasil.com.br/wp-content/uploads/2013/12/Ap_Vertical_32.jpg,,,,,
348,NR-ap-128,"Cerâmica personalizada | Número de residência","Fundo com acabamento craquelê, para dar aspecto de peça envelhecida. Linda!!!",,,,,"60,00","Cerâmica personalizada com número de residência",http://atelielukabrasil.com.br/wp-content/uploads/2013/12/Numero-de-casa-sob-encomenda.jpg,http://atelielukabrasil.com.br/wp-content/uploads/2013/12/Numero-de-residencia-em-placa-ceramica.jpg,http://atelielukabrasil.com.br/wp-content/uploads/2013/12/Numero-de-residencia-sob-encomenda.jpg,http://atelielukabrasil.com.br/wp-content/uploads/2013/12/Azulejo-personalizado-com-numero-de-casa.jpg,http://atelielukabrasil.com.br/wp-content/uploads/2013/12/18x13-NANDI.jpg,http://atelielukabrasil.com.br/wp-content/uploads/2013/12/Azulejo-personalizado-com-numero-de-residencia.jpg
356,NR-mod-354,"Número personalizado para residência","Linda faiança com acabamento craquelê, formato de 30x20 cm.",,,,,"92,00","Cerâmica personalizada com número de residência",http://atelielukabrasil.com.br/wp-content/uploads/2013/12/Placa-ceramica-com-numero-de-residencia-1.jpg,,,,,
358,NR-mod-120,"Número exclusivo para casa","Faiança esmaltada lisa formato de 30x20 cm.",,,,,"92,00","Cerâmica personalizada com número de residência",http://atelielukabrasil.com.br/wp-content/uploads/2013/12/Placa-120_30x201.jpg,,,,,
367,NR-mod-363,"Placa de cerâmica customizada com número de resedência","Números grandes, fácil visualização até mesmo de carro e a noite.",,,,,"92,00","Cerâmica personalizada com número de residência",http://atelielukabrasil.com.br/wp-content/uploads/2013/12/Numero-de-casa-em-azulejo-1.jpg,http://atelielukabrasil.com.br/wp-content/uploads/2013/12/Numero-de-casa-em-placa-de-ceramica.jpg,http://atelielukabrasil.com.br/wp-content/uploads/2013/12/Placa-com-numero-de-residencia.jpg,,,
368,NR-mod-1276,"Placa cerâmica decorada com número de residência","Mesmo com uma milhar os números ficam bem visíveis, possibilitando que se enxergue de longe, até mesmo à noite.",,,,,"92,00","Cerâmica personalizada com número de residência",http://atelielukabrasil.com.br/wp-content/uploads/2013/12/Numero-de-casa-em-placa-ceramica.jpg,,,,,
369,NR-mod-394,"Placa de cerâmica rústica com número de casa","Placa cerâmica personalizada com número para residência",,,,,"92,00","Cerâmica personalizada com número de residência",http://atelielukabrasil.com.br/wp-content/uploads/2013/12/Numero-de-casa-na-ceramica.jpg,,,,,
370,NR-mod-960,"Número de casa | Azulejo decorado | Número para residência","Linda peça em cores P&B. Clássico e combina com tudo. Número decorado, em cerâmica esmaltada.",,,,,"92,00","Cerâmica personalizada com número de residência",http://atelielukabrasil.com.br/wp-content/uploads/2013/12/Placa-com-numero-de-residencia.jpg,,,,,
371,NR-mod-196,"Placa cerâmica com número de residência","Faiança craquelada formato de 30x20 cm, números grandes indicada para locais de grande fluxo.",,,,,"92,00","Cerâmica personalizada com número de residência",http://atelielukabrasil.com.br/wp-content/uploads/2013/12/placa-com-numero-de-casa.jpg,http://atelielukabrasil.com.br/wp-content/uploads/2013/12/Placa-ceramica-com-numero-de-residencia.jpg,http://atelielukabrasil.com.br/wp-content/uploads/2013/12/Placa-personalizada-com-numero-de-casa.jpg,http://atelielukabrasil.com.br/wp-content/uploads/2013/12/Numero-de-casa-em-placa-ceramica.jpg,,
372,NR-mod-220,"Número de residência estilo português","Numero de residência em placa cerâmica personalizada e exclusiva",,,,,"92,00","Cerâmica personalizada com número de residência",http://atelielukabrasil.com.br/wp-content/uploads/2013/12/Numero-para-residencia.jpg,http://atelielukabrasil.com.br/wp-content/uploads/2013/12/Numero-de-residencia.jpg,http://atelielukabrasil.com.br/wp-content/uploads/2013/12/Numero-de-casa-na-ceramica.jpg,http://atelielukabrasil.com.br/wp-content/uploads/2013/12/Placa-com-numero-de-residencia.jpg,http://atelielukabrasil.com.br/wp-content/uploads/2013/12/Placa-personalizada-com-numero-de-casa.jpg,http://atelielukabrasil.com.br/wp-content/uploads/2013/12/placa-com-numero-de-casa.jpg
373,NR-mod-460,"Cerâmica personalizada com número de casa","Placa cerâmica com acabamento esmaltado, desenho em alto relevo e feita sob encomenda. EXCLUSIVIDADE!!!!",,,,,"92,00","Cerâmica personalizada com número de residência",http://atelielukabrasil.com.br/wp-content/uploads/2013/12/Numero-de-residencia.jpg,http://atelielukabrasil.com.br/wp-content/uploads/2013/12/Numero-de-casa.jpg,http://atelielukabrasil.com.br/wp-content/uploads/2013/12/Numero-de-casa-em-azulejo.jpg,http://atelielukabrasil.com.br/wp-content/uploads/2013/12/numero-de-residencia.jpg,http://atelielukabrasil.com.br/wp-content/uploads/2013/12/Numero-para-residencia.jpg,http://atelielukabrasil.com.br/wp-content/uploads/2013/12/Numero-de-casa-1.jpg
381,"Espedito 30x45","Imagem de Sto. Expedito pintada em azulejos","Imagem de Sto. Expedito pintada em azulejos.",,,,,"168,00","Imagens Religiosas",http://atelielukabrasil.com.br/wp-content/uploads/2013/12/Sto_Espedito-45x60.jpg,,,,,
383,FRAN-30x30,"Painel de São Francisco de Assis","Azulejos esmaltados e com ilustração de são francisco",,,,,"147,00","Imagens Religiosas",http://atelielukabrasil.com.br/wp-content/uploads/2013/12/Baicho-Esmalte_75-dpi.jpg,,,,,
385,"PN-Antonio 30x30","Sto. Antonio","Imagem de Santo Antonio pintada em azulejos, com esmalte cerâmico.",,,,,"189,00","Imagens Religiosas",http://atelielukabrasil.com.br/wp-content/uploads/2013/12/Sto_Antonio-30x30.jpg,,,,,
389,"PN-Rita 45x60","Sta. Rita de Cassia","Imagem de Sta. Rita de Cassia pintada em azulejos, com esmalte cerâmico",,,,,"472,00","Imagens Religiosas",http://atelielukabrasil.com.br/wp-content/uploads/2013/12/Sta_Rita.jpg,,,,,
393,PN-Miguel-45x75,"Imagem de Miguel Arcanjo","Imagem de Miguel Arcanjo pintada em azulejos, com esmalte cerâmico.",,,,,"480,00","Imagens Religiosas",http://atelielukabrasil.com.br/wp-content/uploads/2013/12/Miguel-Arcanjo.jpg,,,,,
395,PN-Aparecida-45x60,"Nossa Senhora Aparecida","Azulejos revestidos com esmalte cerâmico de alta resistência, super resistente.",,,,,"315,00","Imagens Religiosas",http://atelielukabrasil.com.br/wp-content/uploads/2013/12/Atual_75.jpg,,,,,
397,PN-Pastor-45x60,"Jesus Cristo Pastor","Imagem de Jesus Cristo pintada em azulejos, com esmalte cerâmico.",,,,,"357,00","Imagens Religiosas",http://atelielukabrasil.com.br/wp-content/uploads/2013/12/Cristo-Pastor.jpg,,,,,
399,PN-Rainha-45x60,"Mãe Rainha","Imagem de Mão Rainha pintada em azulejos, com esmalte cerâmico.",,,,,"357,00","Imagens Religiosas",http://atelielukabrasil.com.br/wp-content/uploads/2013/12/Mãe-Rainha-1.jpg,,,,,
401,"PN-Antonio 60x90","Imagem de Sto. Antonio","Imagem de Sto. Antonio pintada em azulejos, com esmalte cerâmico.",,,,,,"Imagens Religiosas",http://atelielukabrasil.com.br/wp-content/uploads/2013/12/Sto_Antonio-80x120.jpg,,,,,
403,PN-NSPS-45x60,"Nossa Senhora do perpétuo Socorro","Imagem de Nossa Senhora do Perpétuo Socorro pintada em azulejos, com esmalte cerâmico.",,,,,"357,00","Imagens Religiosas",http://atelielukabrasil.com.br/wp-content/uploads/2013/12/Perpétuo-Socorro-1.jpg,,,,,
411,PN-Jorge-45x60,"Imagem de São Jorge","Pintura de São Jorge em azulejos",,,,,"546,00","Imagens Religiosas",http://atelielukabrasil.com.br/wp-content/uploads/2013/12/São-Jorge-Guerreiro-Azulejo-Decorado.jpg,,,,,
413,PN-Francisco-45x60,"Francisco de Assis","Painel em azulejos com imagem de São Francisco de Assis.",,,,,"357,00","Imagens Religiosas",http://atelielukabrasil.com.br/wp-content/uploads/2013/12/S-Francisco-45x60.jpg,,,,,
415,PN-Gabriel-45x60,"Arcanjo Gabriel pintado em azulejos","Azulejos com acabamento esmaltado e desenho em alto relevo",,,,,"357,00","Imagens Religiosas",http://atelielukabrasil.com.br/wp-content/uploads/2013/12/Arcanjo-Gabriel-pintado-em-azulejos.jpg,,,,,
423,PN-Buda-45x60,"Imagem de Buda pintada em azulejos","Imagem de Buda pintada em azulejos, com esmalte cerâmico.",,,,,"360,00","Imagens Religiosas",http://atelielukabrasil.com.br/wp-content/uploads/2013/12/Buda.jpg,,,,,
461,PN-Dragão,"Dragão Chinês","Ilustração pintada em azulejos, com esmalte cerâmico.",,,,,"720,00","Painéis em azulejo",http://atelielukabrasil.com.br/wp-content/uploads/2013/12/Dragão.jpg,,,,,
464,PN-Lar,"Lar doce Lar, azulejo decorado","Painel pintado em azulejos, com esmalte cerâmico, super resistente as ações do tempo",,,,,"160,00","Painéis em azulejo",http://atelielukabrasil.com.br/wp-content/uploads/2013/12/Lar-doce-lar.jpg,,,,,
465,PN-Índia,"Painel Indiano","Motivo indiano, esmalte cerâmico sobre azulejos",,,,,"150,00","Painéis em azulejo",http://atelielukabrasil.com.br/wp-content/uploads/2013/12/Indiano.jpg,,,,,
466,PN-Carmen,"Carmen Miranda reproduzida em azulejos","Esmalte cerâmico sobre azulejo de 20x20 cm. Desenho exclusivo!!",,,,,"250,00","Painéis em azulejo",http://atelielukabrasil.com.br/wp-content/uploads/2013/12/Painel-Carmen-Miranda.jpg,,,,,
467,PN-Andrey,"Andrey Hapburn","Ilustração de Andrey Hapburn, reprodução em azulejos",,,,,"150,00","Painéis em azulejo",http://atelielukabrasil.com.br/wp-content/uploads/2013/12/Andrey.jpg,,,,,
469,PN-Elvis,"Elvis Presley","Ilustração alto-contraste sobre azulejo esmaltado.",,,,,"150,00","Painéis em azulejo",http://atelielukabrasil.com.br/wp-content/uploads/2013/12/Elvis-40x60.jpg,,,,,
470,PN-Marilin,"Marilin Monroe","Ilustração alto-contraste, sobre azulejos esmaltados.",,,,,"150,00","Painéis em azulejo",http://atelielukabrasil.com.br/wp-content/uploads/2013/12/Marilyn-40x60.jpg,,,,,
487,BRAS-P-28-1,"Prato decorativo, com brasão ","Prato de 34 cm, com brasão de família.",,,,,"147,00","Brasões de Família",http://atelielukabrasil.com.br/wp-content/uploads/2013/12/Prato-34_-BRZ-001.jpg,,,,,
489,Grossi-28,"Prato decorado | Brasão de família | Sob encomenda","Um presente bastante original!!",,,,,"147,00","Brasões de Família",http://atelielukabrasil.com.br/wp-content/uploads/2015/09/Brasão-Grossi.jpg,http://atelielukabrasil.com.br/wp-content/uploads/2015/09/Brasão-França.jpg,http://atelielukabrasil.com.br/wp-content/uploads/2015/09/Brasão-Grossi.jpg,http://atelielukabrasil.com.br/wp-content/uploads/2015/09/Brasão-Fagundes.jpg,http://atelielukabrasil.com.br/wp-content/uploads/2015/09/Brasão-Farias.jpg,http://atelielukabrasil.com.br/wp-content/uploads/2015/09/Brasão-Damaceno.jpg
537,PL-EU-30x20,"Sermão de Josué-24 | Placas com salmos","Crie a sua própria mensagem!!",,,,,"99,00","Cerâmica personalizada com número de residência|Placas Personalizadas",http://atelielukabrasil.com.br/wp-content/uploads/2014/01/Placas-ceramicas-com-salmos.jpg,,,,,
538,PL-FMI1-30x20,"Homenagem para família | Placa de homenagem","Um presente marcante e original.",,,,,"99,00","Cerâmica personalizada com número de residência|Placas Personalizadas",http://atelielukabrasil.com.br/wp-content/uploads/2015/06/Azulejo-decorado-com-nome-de-familia-e-numero-de-casa.jpg,,,,,
539,"PL-FMI 2-30x20","Placa para homenagear | Homenagem a família","Perpetue o nome de sua família nesta placa!!",,,,,"99,00","Cerâmica personalizada com número de residência|Placas Personalizadas",http://atelielukabrasil.com.br/wp-content/uploads/2015/06/Placa-ceramica-com-nome-de-familia.jpg,,,,,
542,PL-OV-30x20,"Sinalização para recepção","Podemos mexer com as cores.",,,,,"99,00","Cerâmica personalizada com número de residência|Placas Personalizadas",http://atelielukabrasil.com.br/wp-content/uploads/2014/01/Placa-de-ceramica-obrigado-pela-visita.jpg,,,,,
545,PL-AP-EE,"Sinalização para banheiro","Posso produzir com outros motivos temáticos.",,,,,"120,00","Placas Personalizadas",http://atelielukabrasil.com.br/wp-content/uploads/2014/01/Ele_Ela-Heras-Verde.jpg,,,,,
547,PL-CC-30x20,"Cantinho do churrasco | Utensílio para área do churrasco","Um toque de requinte em seu cantinho do laser.",,,,,"99,00","Cerâmica personalizada com número de residência|Placas Personalizadas",http://atelielukabrasil.com.br/wp-content/uploads/2015/06/Placa-ceramica-Cantinho-Churrasco.jpg,http://atelielukabrasil.com.br/wp-content/uploads/2014/01/Azulejo-Cantinho-Churrasco.jpg,,,,
548,"PL-BV 2-30x20","Cerâmica artística | Saudação bem vindo","Viva os amigos e a família!!!",,,,,"99,00","Cerâmica personalizada com número de residência|Placas Personalizadas",http://atelielukabrasil.com.br/wp-content/uploads/2014/01/Bem-vindo-amigo_VD.jpg,,,,,
549,PL-Ouro-30x20,"Cerâmica artística decorativa, faiança","Faço também pra outras datas.",,,,,"99,00","Placas Personalizadas",http://atelielukabrasil.com.br/wp-content/uploads/2014/01/Bodas-de-Ouro-cópia-1.jpg,,,,,
552,"Pl-CC 2-30x20"," Cerâmica artística decorativa, faiança","Escolha a cor que combine com seu espaço.",,,,,"99,00","Placas Personalizadas",http://atelielukabrasil.com.br/wp-content/uploads/2014/01/Cantinho-Churrasco_2-1.jpg,,,,,
553,PL-AB-30x20,"Cerâmica artística | Cerâmica decorada | Saudação para amigos","Faça a sua saudação pessoal.",,,,,"99,00","Cerâmica personalizada com número de residência|Placas Personalizadas",http://atelielukabrasil.com.br/wp-content/uploads/2014/01/Ainda-Bem-1.jpg,,,,,
554,PL-NN-30x20,"Número de casa, nome de rua","Personalize o seu endereço.",,,,,"99,00","Placas Personalizadas",http://atelielukabrasil.com.br/wp-content/uploads/2014/01/Placa-cerâmica-com-endereço-e-numero-de-casa.jpg,,,,,
555,"PL-EE- AP"," Cerâmica artística decorativa, faiança","Produzimos também com outros motivos.",,,,,"120,00","Placas Personalizadas",http://atelielukabrasil.com.br/wp-content/uploads/2014/01/Ele_Ela-Heras-Marrom.jpg,,,,,
637,PRT-Lions,"Brindes e homenagens","Pratos cerâmicos personalizados sob encomenda",,,,,,"Pratos Decorativos",http://atelielukabrasil.com.br/wp-content/uploads/2014/01/PT-Lions-28.jpg,http://atelielukabrasil.com.br/wp-content/uploads/2014/01/Recanto-Gurra.jpg,http://atelielukabrasil.com.br/wp-content/uploads/2015/09/Brasão-Família-Nascimento.jpg,http://atelielukabrasil.com.br/wp-content/uploads/2015/11/Pan-de-Palo-Face.jpg,http://atelielukabrasil.com.br/wp-content/uploads/2014/01/PratoMoto.jpg,
638,PRT-Cozinha,"Decoração com pratos cerâmicos","Faiança decorada a mão.",,,,,"115,00","Pratos Decorativos",http://atelielukabrasil.com.br/wp-content/uploads/2014/01/Prato-para-decorar-lanchonete.jpg,http://atelielukabrasil.com.br/wp-content/uploads/2014/01/Prato-decorativo-para-cozinha.jpg,http://atelielukabrasil.com.br/wp-content/uploads/2014/01/Prato-decorativo-para-lanchonete.jpg,http://atelielukabrasil.com.br/wp-content/uploads/2014/01/Prato-decorativo-para-restaurante.jpg,http://atelielukabrasil.com.br/wp-content/uploads/2014/01/Prato-para-decorar-restaurante.jpg,http://atelielukabrasil.com.br/wp-content/uploads/2014/01/Galo_1.jpg
646,MOD-Azul,"Azulejaria | Azulejos Modulados","Traga a sua ideia, nos realizamos pra você.",,,,,,"Projetos especiáis",http://atelielukabrasil.com.br/wp-content/uploads/2014/01/Modulado.jpg,,,,,
659,LIONS-8,"Azulejaria | Cerâmica Artesanal Decorativa | Sob Encomenda","Logotipo produzido em azulejos, para fachada.",,,,,,"Projetos especiáis",http://atelielukabrasil.com.br/wp-content/uploads/2014/01/Lions.jpg,,,,,
661,RAI-8,"Azulejos com Pintura Artesanal sob Encomenda","Logotipo produzido em azulejo, para fachada comercial.",,,,,,"Projetos especiáis",http://atelielukabrasil.com.br/wp-content/uploads/2014/01/Rai-80x60-cm.jpg,,,,,
662,CED-9,"Logotipo, azulejaria, faiança, louça, cerâmica artesanal decorativa","Logotipo de escola feito em azulejos",,,,,,"Projetos especiáis",http://atelielukabrasil.com.br/wp-content/uploads/2014/01/CEDIS-60x60-cm.jpg,,,,,
663,IBIZ-16,"Sinalização para fachada em azulejos","Logotipo feito em azulejos, para fachada de condomínio.",,,,,,"Projetos especiáis",http://atelielukabrasil.com.br/wp-content/uploads/2014/01/Caminhos-da-Serra-80x80-cm.jpg,,,,,
664,LUBECK-9,LUBECK-9,"Logotipo produzido em azulejos de 20x20 cm.",,,,,,"Projetos especiáis",http://atelielukabrasil.com.br/wp-content/uploads/2014/01/Painel-Lubeck.jpg,,,,,
665,MOJ-42,"azulejaria, faiança, louça, cerâmica artesanal decorativa, logotipo","Painel de azulejos para sinalização.",,,,,,"Projetos especiáis",http://atelielukabrasil.com.br/wp-content/uploads/2014/01/Monjolinho-100x100-cm.jpg,,,,,
666,BRH-4,"azulejaria, faiança, louça, cerâmica artesanal decorativa","Logotipo produzido em azulejos para decoração de bar.",,,,,,"Projetos especiáis",http://atelielukabrasil.com.br/wp-content/uploads/2014/01/Painel-Brahma-Chopp-pintado-em-azulejos.jpg,,,,,
669,Casal-45x25,"Lembrança de casamento","Uma lembrança de casamento que vai durar pra sempre.",,,,,"236,00",Rostos,,http://atelielukabrasil.com.br/wp-content/uploads/2014/01/Suporte-Mesa.jpg,,,,
680,Niver-20x20,"Lembrança de aniversário, caricatura, azulejo decorado","Presente mais que original!!",,,,,"90,00",Rostos,,http://atelielukabrasil.com.br/wp-content/uploads/2014/01/Suporte-Mesa.jpg,,,,
681,NIVER-BT,"Lembrança de aniversário, azulejo decorado","Presente que marcará para sempre!!",,,,,"90,00",Rostos,,,,,,
700,PS-Hidra,Hidra-20x20,"Cerâmica artística sob encomenda.",,,,,,"Piso personalizado",,,,,,
715,PS-Hibisco,Hibisco,"Cerâmica artística sob encomenda.",,,,,,"Piso personalizado",,,,,,
716,TZ1-10x10,Tozeto-10x10,"Cerâmica artística sob encomenda",,,,,,"Piso personalizado",http://atelielukabrasil.com.br/wp-content/uploads/2014/02/Tozeto_1.jpg,,,,,
717,"yin yang","Mandala yin yang","Cerâmica artística feita sob encomenda.",,,,,"235,00","Mandalas|Projetos especiáis",http://atelielukabrasil.com.br/wp-content/uploads/2014/02/Painel-yin-yang.jpg,,,,,
719,PS-SIDRA-40x40,"Painel piso com flor","Cerâmica artística sob encomenda.",,,,,"220,00","Piso personalizado",http://atelielukabrasil.com.br/wp-content/uploads/2014/02/4_20x20.jpg,,,,,
720,PS-Hidra2,"Piso decorado sob encomenda","Cerâmica artística feita sob encomenda.",,,,,,"Piso personalizado",,,,,,
721,PS-ROSA-20x20,"Piso decorado sob encomenda","Piso cerâmico feito sob encomenda.",,,,,,"Piso personalizado",,,,,,
723,PS-Tozeto1-10x10,"Piso tozeto sob encomenda","Piso cerâmico feito sob encomenda.",,,,,,"Piso personalizado",,,,,,
724,PS-BORDA,"Piso sob encomenda","Piso cerâmico feito sob encomenda.",,,,,,"Piso personalizado",,,,,,
725,PS-HERAS,"Painel Heras","Piso cerâmico feito sob encomenda.",,,,,,"Piso personalizado",http://atelielukabrasil.com.br/wp-content/uploads/2014/02/Painel-Heras.jpg,,,,,
726,PS-LOTUS,"Cerâmica decorada sob encomenda","Piso cerâmico feito sob encomenda.",,,,,,"Piso personalizado",,,,,,
728,PS-Barra,"Cerâmica pra piso sob encomenda","Piso cerâmico produzido sob encomenda.",,,,,,"Piso personalizado",http://atelielukabrasil.com.br/wp-content/uploads/2014/02/Barrado_1.jpg,,,,,
801,"VALOR UNITÁRIO R$ 65,00","Pratos decorativos com imagens de peixes","Pratos modelados e pintados a mão, produto exclusivo.",,,,,"69,00","Pratos Decorativos",http://atelielukabrasil.com.br/wp-content/uploads/2014/04/Peixes.jpg,,,,,
846,Gaia_200,"Azulejo decorativo, azulejaria, cerâmica artística","Painel feito em azulejos, com pintura artesanal, para condomínio",,,,,,"Projetos especiáis",http://atelielukabrasil.com.br/wp-content/uploads/2014/05/60x60-cm.jpg,,,,,
848,Maternidade-22,"Enfeite pro quarto do bebee porta de maternidade","Enfeites para porta de maternidade e quarto de bebê",,,,,"105,00",Maternidade,http://atelielukabrasil.com.br/wp-content/uploads/2015/09/Tarsila.jpg,,,,,
864,Batista-90x120,"João Batista, batizado de Jesus Cristo","Painel com imagem de João Batista batizando Jesus Cristo, produzido em azulejos de 15x15 cm e pintado a mão com esmalte cerâmico.",,,,,,"Imagens Religiosas",http://atelielukabrasil.com.br/wp-content/uploads/2014/05/João-Batista-batizado-de-Jesus-1.jpg,,,,,
959,TEREZINHA,"Imagem de Sta. Terezinha","Painel em azulejo, pintura com esmalte cerâmico queimado a 1000 ºC",,,,,"357,00","Imagens Religiosas",http://atelielukabrasil.com.br/wp-content/uploads/2014/09/Sta_Terezinha.jpg,,,,,
975,Mater-Mine,"Enfeite pro quarto do bebe e porta de maternidade","Cerâmica decorativa produzida sob encomenda",,,,,"105,00",Maternidade,,,,,,
976,Bebe-Guto,"Enfeite pro quarto do bebe e porta de maternidade","Cerâmica esmaltada sob encomenda",,,,,"105,00",Maternidade,,,,,,
977,Galinha-22,"Enfeite pro quarto do bebe e porta de maternidade","Cerâmica faiança personalizada para quarto do bebe",,,,,"105,00",Maternidade,,,,,,
978,Alice-22,"Enfeite pro quarto do bebe e porta de maternidade","Cerâmica faiança personalizada para quarto do bebe",,,,,"105,00",Maternidade,,,,,,
979,Marcos-22,"Enfeite pro quarto do bebe e porta de maternidade","Cerâmica faiança personalizada para quarto do bebe",,,,,"105,00",Maternidade,,,,,,
980,Bia-22,"Beatriz bebe","Cerâmica faiança personalizada para quarto do bebe",,,,,"105,00",Maternidade,,,,,,
995,SAGRADO-30x30,"Sagrado Coração de Jesus","Painel em azulejos com imagem do Sagrado Coração de jesus",,,,,"120,00","Imagens Religiosas",http://atelielukabrasil.com.br/wp-content/uploads/2015/01/Sagrado-Coração-de-Jesus-1.jpg,,,,,
1000,GALVÃO-45X60,"Frei Galvão","Painel em azulejos com imagem de Frei Galvão",,,,,"357,00","Imagens Religiosas",http://atelielukabrasil.com.br/wp-content/uploads/2015/01/Frei-Galvão-1.jpg,,,,,
1021,Ganash-28,"Ganash na cerâmica artística","Prato de cerâmica modelado e pintado à mão, com esmalte cerâmico",,,,,"170,00","Pratos Decorativos",http://atelielukabrasil.com.br/wp-content/uploads/2015/02/Ganesh1.jpg,,,,,
1023,Painel-mand-36,"Mandalas pintadas em azulejo","Madala com pintura artesanal, pintura com esmalte cerâmico",,,,,"900,00","Mandalas|Projetos especiáis",http://atelielukabrasil.com.br/wp-content/uploads/2015/05/Mandala-36_az.jpg,,,,,
1056,"Nº-Nome 30x20 cm","Número de casa | Nome de rua com número","Placas cerâmicas personalizadas e exclusivas (30x20 cm), feitas sob encomenda.",,,,,"99,00","Cerâmica personalizada com número de residência",http://atelielukabrasil.com.br/wp-content/uploads/2015/06/Placa-cerâmica-com-endereço-e-numero-de-casa-1.jpg,http://atelielukabrasil.com.br/wp-content/uploads/2015/06/Template-End.jpg,http://atelielukabrasil.com.br/wp-content/uploads/2015/06/Placa-ceramica-Cantinho-Churrasco.jpg,http://atelielukabrasil.com.br/wp-content/uploads/2015/06/Template-Placas_2.jpg,http://atelielukabrasil.com.br/wp-content/uploads/2015/06/Azulejo-decorado-com-nome-de-familia-e-numero-de-casa.jpg,http://atelielukabrasil.com.br/wp-content/uploads/2015/06/Placa-ceramica-com-nome-de-familia.jpg
1068,Mandala-28,"Mandala em prato decorativo","Mandalas pintadas em pratos decorativos",,,,,"115,00","Pratos Decorativos",http://atelielukabrasil.com.br/wp-content/uploads/2015/06/Prato-decorado-com-desenho-de-mandala.jpg,http://atelielukabrasil.com.br/wp-content/uploads/2015/06/Mandala-em-prato-decorativo.jpg,http://atelielukabrasil.com.br/wp-content/uploads/2015/06/Renda-1_22.jpg,http://atelielukabrasil.com.br/wp-content/uploads/2015/06/Mandala-in-yang.jpg,http://atelielukabrasil.com.br/wp-content/uploads/2015/06/Mandala-árvore-da-vida.jpg,http://atelielukabrasil.com.br/wp-content/uploads/2015/06/Mandala-Lilás-.jpg
1082,FRAN-30x45,"São Francisco de Assis","Azulejos personalizados com imagem de São Francisco, super resistente as ações do tempo ",,,,,"168,00","Imagens Religiosas",http://atelielukabrasil.com.br/wp-content/uploads/2015/07/Imagem-de-São-Francisco-pintada-em-azulejos.jpg,,,,,
1087,NSPS-30x45,"Nossa Senhora do Perpétuo Socorro","Painel em azulejos esmaltados e com ilustração de Nossa Senhora do perpétuo Socorro",,,,,"168,00","Imagens Religiosas",http://atelielukabrasil.com.br/wp-content/uploads/2015/07/Perpétuo_30x45.jpg,,,,,
1166,BARS-P-28,"Brasão de família | brasão sob encomenda | brasão medieval sob encomenda | escudo medieval","Brasão de família pintado a mão, sob encomenda",,,,,"147,00","Brasões de Família",http://atelielukabrasil.com.br/wp-content/uploads/2015/09/Brasão-Moraes.jpg,http://atelielukabrasil.com.br/wp-content/uploads/2015/09/Brasão-Grossi.jpg,http://atelielukabrasil.com.br/wp-content/uploads/2015/09/Brasão-França.jpg,http://atelielukabrasil.com.br/wp-content/uploads/2015/09/Brasão-Farias.jpg,http://atelielukabrasil.com.br/wp-content/uploads/2015/09/Brasão-Damaceno.jpg,http://atelielukabrasil.com.br/wp-content/uploads/2015/09/Brasão-Fagundes.jpg
1168,BEBE-30x20,"Enfeite pro quarto do bebe e porta de maternidade","Peças personalizadas na cerâmica, acabamento vitrificado e desenho em alto relevo.",,,,,"105,00",Maternidade,http://atelielukabrasil.com.br/wp-content/uploads/2015/09/Tarsila.jpg,http://atelielukabrasil.com.br/wp-content/uploads/2014/08/Slider_Maternidade-30x20.jpg,http://atelielukabrasil.com.br/wp-content/uploads/2014/08/Slider_Maternidade-Alice.jpg,http://atelielukabrasil.com.br/wp-content/uploads/2015/09/Gustavo.jpg,http://atelielukabrasil.com.br/wp-content/uploads/2015/09/Thayla.jpg,http://atelielukabrasil.com.br/wp-content/uploads/2015/09/Marcos.jpg
1231,SS-45x60,"São Sebastião, imagem religiosa","Imagem de São Sebastião gravada em azulejos de 15x15 cm",,,,,"357,00","Imagens Religiosas",http://atelielukabrasil.com.br/wp-content/uploads/2016/01/São-Sebastião.jpg,,,,,
1306,P-chaves,"Porta chaves","Porta chaves feito artesanalmente, original e exclusivo. ",,,,,"45,00","Porta chaves",http://atelielukabrasil.com.br/wp-content/uploads/2016/01/Namoradeira_4.jpg,http://atelielukabrasil.com.br/wp-content/uploads/2016/01/Namoradeira_2.jpg,http://atelielukabrasil.com.br/wp-content/uploads/2016/01/Namoradeira_3.jpg,http://atelielukabrasil.com.br/wp-content/uploads/2016/01/Namoradeira_1.jpg,,
1332,FAZ-23,"Porta chaves Fazendinha","Porta chaves em MDF e azulejo decorado",,,,,"35,00","Porta chaves",,,,,,
1342,FOOD-30x20,"Placa cerâmica Espaço Gourmet","Placa cerâmica modelada e pintada artesanalmente",,,,,"99,00","Cerâmica personalizada com número de residência|Placas Personalizadas",http://atelielukabrasil.com.br/wp-content/uploads/2016/01/Espaço-Gourmet-azulejo-decorado-1.jpg,http://atelielukabrasil.com.br/wp-content/uploads/2016/01/Espaço-Gourmet-1.jpg,,,,
1420,Casa-30x20,"Lembrança de casamento para padrinhos","Azulejo personalizado com o layout do convite de casamento",,,,,,"Presente para noivos e padrinhos",,,,,,
1428,CORD-15x15,"Cordeiro de Deus","Painel de 30x20 cm em azulejo esmaltado",,,,,"183,00","Imagens Religiosas",http://atelielukabrasil.com.br/wp-content/uploads/2016/03/Cordeiro-de-Deus.jpg,,,,,
1578,P&B-m²,"Azulejaria | Azulejo decorado | Painel em azulejos | Azulejo | Fachada","Azulejos personalizados e exclusivos para áreas internas e externas, gravação com tinta de porcelana, não desbota e nem mancha.",,,,,"315,00 m²","Painéis em azulejo",http://atelielukabrasil.com.br/wp-content/uploads/2017/04/Azulejaria-Azulejo-decorado-painel-em-azulejos-fachada-em-azulejos.jpg,http://atelielukabrasil.com.br/wp-content/uploads/2017/04/Azulejo-decorado-fachada-com-azulejo-painél-de-azulejo.jpg,http://atelielukabrasil.com.br/wp-content/uploads/2017/04/Fachada-de-azulejos-azulejos-decorados-painéis-de-azulejo.jpg,,,
1583,BR-8,"Brasão de família pintado em azulejos","Brasão de família pintado a mão e sob encomenda.",,,,,,"Brasões de Família",http://atelielukabrasil.com.br/wp-content/uploads/2017/04/Brasão-de-família-sob-encomenda.jpg,http://atelielukabrasil.com.br/wp-content/uploads/2017/04/Brasão-de-Família-Ribeiro.jpg,http://atelielukabrasil.com.br/wp-content/uploads/2017/04/Brasão-da-família-Nascimento.jpg,http://atelielukabrasil.com.br/wp-content/uploads/2017/04/Pintura-em-azulejo-Brasão-da-família-Almeida.jpg,,
1640,"Sta. Rita","Painel em azulejos com imagem de Sta. Rita","Painel em azulejos com imagem de Sta. Rita",,,,,"357,00","Imagens Religiosas",http://atelielukabrasil.com.br/wp-content/uploads/2017/10/Painel-em-azulejos-com-imagem-de-Sta.jpg,,,,,
1844,28-PIM,"Prato decorativo para restaurante | Lanchonete | Cozinha","Pratos de cerâmica para decoração de paredes de bares, restaurantes, lanchonetes e cozinhas",,,,,"115,00","Pratos Decorativos",http://atelielukabrasil.com.br/wp-content/uploads/2019/03/Prato-decorativo-para-restaurante.jpg,http://atelielukabrasil.com.br/wp-content/uploads/2014/01/Prato-decorativo-para-cozinha.jpg,http://atelielukabrasil.com.br/wp-content/uploads/2019/03/Cozinha-Prato-Decorativo.jpg,http://atelielukabrasil.com.br/wp-content/uploads/2019/03/Cozinha-pratos-decoração.jpg,http://atelielukabrasil.com.br/wp-content/uploads/2019/03/Prato-Decoração-Cozinha.jpg,http://atelielukabrasil.com.br/wp-content/uploads/2019/03/Prato-Cozinha-Decoração.jpg
1850,,"Decoração de cozinha | Prato decorativo | Cerâmica",,,,,,,,,,,,,
1859,28-QUEI,"Prato | Decoração | Cozinha | Lanchonete | Restaurante","Pratos de cerâmica, com desenho e pintura artesanal, feitos sob encomenda",,,,,"115,00","Pratos Decorativos",http://atelielukabrasil.com.br/wp-content/uploads/2019/03/Prato-Decoração-Cozinha.jpg,http://atelielukabrasil.com.br/wp-content/uploads/2019/03/Cozinha-pratos-decoração.jpg,http://atelielukabrasil.com.br/wp-content/uploads/2019/03/Cozinha-Prato-Decorativo.jpg,http://atelielukabrasil.com.br/wp-content/uploads/2019/03/Prato-Cozinha-Decoração.jpg,http://atelielukabrasil.com.br/wp-content/uploads/2019/03/Cozinha-decorada-Pratos-decorados.jpg,http://atelielukabrasil.com.br/wp-content/uploads/2019/03/20171030_135039.jpg
1863,28-GALO,"Cozinha | Prato | Decoração","Pratos cerâmicos com pintura e desenho artesanal, feitos sob encomenda",,,,,"115,00","Pratos Decorativos",http://atelielukabrasil.com.br/wp-content/uploads/2019/03/Prato-decorativo-para-lanchonete.jpg,http://atelielukabrasil.com.br/wp-content/uploads/2019/03/Prato-decorativo-de-cozinha.jpg,http://atelielukabrasil.com.br/wp-content/uploads/2019/03/Prato-para-decorar-restaurante.jpg,,,
1881,,"Canecas Lettering | Porcelana Legítima | Namorados",,,,,,,,,,,,,
1888,CANC-2,"Canecas Lettering | Porcelana Legítima | Namorados","Canecas Lettering de porcelana legítima, personalizadas com tinta de porcelana e queimadas à 780Cº.",,,,,"26,00","Caneca Lettering | Porcelana Legítima | Namorados",http://atelielukabrasil.com.br/wp-content/uploads/2019/05/Caneca-Lettering-para-namorados.jpg,http://atelielukabrasil.com.br/wp-content/uploads/2019/05/Paixão-3.jpg,http://atelielukabrasil.com.br/wp-content/uploads/2019/05/Caneca-Lettering-de-Porcelana-Legítima.jpg,http://atelielukabrasil.com.br/wp-content/uploads/2019/05/Paixão-4.jpg,http://atelielukabrasil.com.br/wp-content/uploads/2019/05/Paixão-5.jpg,http://atelielukabrasil.com.br/wp-content/uploads/2019/05/Paixão-6.jpg
1895,ELA-1,"Canecas Lettering de porcelana legítima","Canecas Lettering de porcelana legítima, personalizadas com tinta de porcelana e queimadas à 780Cº. ",,,,,"13,00","Caneca Lettering | Porcelana Legítima | Namorados",http://atelielukabrasil.com.br/wp-content/uploads/2019/05/Paixão-3.jpg,http://atelielukabrasil.com.br/wp-content/uploads/2019/05/Paixão-5.jpg,,,,
1898,ELE-1,"Canecas Lettering | Porcelana Legítima | Namorados","Canecas Lettering de porcelana legítima, personalizadas com tinta de porcelana e queimadas à 780Cº.",,,,,"13,00","Caneca Lettering | Porcelana Legítima | Namorados",http://atelielukabrasil.com.br/wp-content/uploads/2019/05/Caneca-Lettering-para-Namorados.jpg,http://atelielukabrasil.com.br/wp-content/uploads/2019/05/Porcelana-Lettering-para-dia-dos-Namorados.jpg,,,,
1901,PARB-1,"Canecas Lettering | porcelana legítima I Para Aniversário","Canecas Lettering de porcelana legítima, personalizadas com tinta de porcelana e queimadas à 780Cº. ",,,,,"13,00","Caneca Lettering | Porcelana Legítima | Namorados",http://atelielukabrasil.com.br/wp-content/uploads/2019/05/Caneca-para-Aniverssário.jpg,http://atelielukabrasil.com.br/wp-content/uploads/2019/05/Caneca-Lettering-Feliz-Aniverssário.jpg,,,,
1904,FAM-1,"Canecas Lettering | Porcelana Legítima | Amo Minha Família","Canecas Lettering de porcelana legítima, personalizadas com tinta de porcelana e queimadas à 780Cº. ",,,,,"13,00","Caneca Lettering | Porcelana Legítima | Namorados",http://atelielukabrasil.com.br/wp-content/uploads/2019/05/Caneca-Amo-Minha-Família-1.jpg,http://atelielukabrasil.com.br/wp-content/uploads/2019/05/Caneca-Amo-a-Família-1.jpg,,,,
1907,FEIC-1,"Canecas Lettering | Porcelana | Felicidade Vire Rotina","Canecas Lettering de porcelana legítima, personalizadas com tinta de porcelana e queimadas à 780Cº. ",,,,,"13,00","Caneca Lettering | Porcelana Legítima | Namorados",http://atelielukabrasil.com.br/wp-content/uploads/2019/05/Caneca-Lettering-para-Namorados-1.jpg,http://atelielukabrasil.com.br/wp-content/uploads/2019/05/Caneca-Lettering-de-porcelana-legítima.jpg,,,,
