id,"Imagem 2","Imagem 3","Imagem 4","Imagem 5","Imagem 6"
303,,,http://atelielukabrasil.com.br/wp-content/uploads/2013/12/173.jpg,,
305,http://atelielukabrasil.com.br/wp-content/uploads/2013/12/Azulejo-de-cerâmica-com-número-de-casa.jpg,http://atelielukabrasil.com.br/wp-content/uploads/2013/12/Azulejo-com-número-de-casa-numero-de-casa-com-azulejo.jpg,http://atelielukabrasil.com.br/wp-content/uploads/2013/12/Azulejo-com-numero-de-residencia.jpg,http://atelielukabrasil.com.br/wp-content/uploads/2013/12/Numero-de-casa-no-azulejo.jpg,http://atelielukabrasil.com.br/wp-content/uploads/2013/12/numero-de-cas-gravado-no-azulejo.jpg
307,http://atelielukabrasil.com.br/wp-content/uploads/2013/12/Numero-de-residencia-gravado-no-azulejo.jpg,http://atelielukabrasil.com.br/wp-content/uploads/2013/12/Azulejo-decorado-com-numero-de-casa.jpg,http://atelielukabrasil.com.br/wp-content/uploads/2013/12/Azulejo-com-numero-de-residencia.jpg,http://atelielukabrasil.com.br/wp-content/uploads/2013/12/Numero-no-azulejo-decorado-.jpg,http://atelielukabrasil.com.br/wp-content/uploads/2013/12/Numero-de-casa-em-azulejo-2.jpg
309,,,,,
312,http://atelielukabrasil.com.br/wp-content/uploads/2013/12/Azulejo-decorado-com-numero-de-casa.jpg,http://atelielukabrasil.com.br/wp-content/uploads/2013/12/Numero-de-residencia-gravado-no-azulejo.jpg,http://atelielukabrasil.com.br/wp-content/uploads/2013/12/Numero-de-casa-em-azulejo-2.jpg,http://atelielukabrasil.com.br/wp-content/uploads/2013/12/Azulejo-com-numero-de-residencia.jpg,http://atelielukabrasil.com.br/wp-content/uploads/2013/12/Azulejo-personalizado-com-numero-de-casa-1.jpg
320,http://atelielukabrasil.com.br/wp-content/uploads/2013/12/Azulejo-decorado-com-numero-de-casa.jpg,http://atelielukabrasil.com.br/wp-content/uploads/2013/12/Numero-de-casa-gravado-no-azulejo.jpg,http://atelielukabrasil.com.br/wp-content/uploads/2013/12/Numero-de-residencia-gravado-no-azulejo.jpg,http://atelielukabrasil.com.br/wp-content/uploads/2013/12/Numero-de-casa-em-azulejo-3.jpg,http://atelielukabrasil.com.br/wp-content/uploads/2013/12/Numero-de-casa-gravado-em-azulejo.jpg
322,http://atelielukabrasil.com.br/wp-content/uploads/2013/12/Azulejo-com-numero-de-residencia.jpg,http://atelielukabrasil.com.br/wp-content/uploads/2013/12/numero-de-cas-gravado-no-azulejo.jpg,http://atelielukabrasil.com.br/wp-content/uploads/2013/12/Azulejo-personalizado-com-numero-de-casa-1.jpg,http://atelielukabrasil.com.br/wp-content/uploads/2013/12/Numero-de-casa-gravado-no-azulejo.jpg,http://atelielukabrasil.com.br/wp-content/uploads/2013/12/Numero-de-casa-em-azulejo-2.jpg
332,,,,,
348,http://atelielukabrasil.com.br/wp-content/uploads/2013/12/Numero-de-residencia-em-placa-ceramica.jpg,http://atelielukabrasil.com.br/wp-content/uploads/2013/12/Numero-de-residencia-sob-encomenda.jpg,http://atelielukabrasil.com.br/wp-content/uploads/2013/12/Azulejo-personalizado-com-numero-de-casa.jpg,http://atelielukabrasil.com.br/wp-content/uploads/2013/12/18x13-NANDI.jpg,http://atelielukabrasil.com.br/wp-content/uploads/2013/12/Azulejo-personalizado-com-numero-de-residencia.jpg
356,,,,,
358,,,,,
367,http://atelielukabrasil.com.br/wp-content/uploads/2013/12/Numero-de-casa-em-placa-de-ceramica.jpg,http://atelielukabrasil.com.br/wp-content/uploads/2013/12/Placa-com-numero-de-residencia.jpg,,,
368,,,,,
369,,,,,
370,,,,,
371,http://atelielukabrasil.com.br/wp-content/uploads/2013/12/Placa-ceramica-com-numero-de-residencia.jpg,http://atelielukabrasil.com.br/wp-content/uploads/2013/12/Placa-personalizada-com-numero-de-casa.jpg,http://atelielukabrasil.com.br/wp-content/uploads/2013/12/Numero-de-casa-em-placa-ceramica.jpg,,
372,http://atelielukabrasil.com.br/wp-content/uploads/2013/12/Numero-de-residencia.jpg,http://atelielukabrasil.com.br/wp-content/uploads/2013/12/Numero-de-casa-na-ceramica.jpg,http://atelielukabrasil.com.br/wp-content/uploads/2013/12/Placa-com-numero-de-residencia.jpg,http://atelielukabrasil.com.br/wp-content/uploads/2013/12/Placa-personalizada-com-numero-de-casa.jpg,http://atelielukabrasil.com.br/wp-content/uploads/2013/12/placa-com-numero-de-casa.jpg
373,http://atelielukabrasil.com.br/wp-content/uploads/2013/12/Numero-de-casa.jpg,http://atelielukabrasil.com.br/wp-content/uploads/2013/12/Numero-de-casa-em-azulejo.jpg,http://atelielukabrasil.com.br/wp-content/uploads/2013/12/numero-de-residencia.jpg,http://atelielukabrasil.com.br/wp-content/uploads/2013/12/Numero-para-residencia.jpg,http://atelielukabrasil.com.br/wp-content/uploads/2013/12/Numero-de-casa-1.jpg
381,,,,,
383,,,,,
385,,,,,
389,,,,,
393,,,,,
395,,,,,
397,,,,,
399,,,,,
401,,,,,
403,,,,,
411,,,,,
413,,,,,
415,,,,,
423,,,,,
461,,,,,
464,,,,,
465,,,,,
466,,,,,
467,,,,,
469,,,,,
470,,,,,
487,,,,,
489,http://atelielukabrasil.com.br/wp-content/uploads/2015/09/Brasão-França.jpg,http://atelielukabrasil.com.br/wp-content/uploads/2015/09/Brasão-Grossi.jpg,http://atelielukabrasil.com.br/wp-content/uploads/2015/09/Brasão-Fagundes.jpg,http://atelielukabrasil.com.br/wp-content/uploads/2015/09/Brasão-Farias.jpg,http://atelielukabrasil.com.br/wp-content/uploads/2015/09/Brasão-Damaceno.jpg
537,,,,,
538,,,,,
539,,,,,
542,,,,,
545,,,,,
547,http://atelielukabrasil.com.br/wp-content/uploads/2014/01/Azulejo-Cantinho-Churrasco.jpg,,,,
548,,,,,
549,,,,,
552,,,,,
553,,,,,
554,,,,,
555,,,,,
637,http://atelielukabrasil.com.br/wp-content/uploads/2014/01/Recanto-Gurra.jpg,http://atelielukabrasil.com.br/wp-content/uploads/2015/09/Brasão-Família-Nascimento.jpg,http://atelielukabrasil.com.br/wp-content/uploads/2015/11/Pan-de-Palo-Face.jpg,http://atelielukabrasil.com.br/wp-content/uploads/2014/01/PratoMoto.jpg,
638,http://atelielukabrasil.com.br/wp-content/uploads/2014/01/Prato-decorativo-para-cozinha.jpg,http://atelielukabrasil.com.br/wp-content/uploads/2014/01/Prato-decorativo-para-lanchonete.jpg,http://atelielukabrasil.com.br/wp-content/uploads/2014/01/Prato-decorativo-para-restaurante.jpg,http://atelielukabrasil.com.br/wp-content/uploads/2014/01/Prato-para-decorar-restaurante.jpg,http://atelielukabrasil.com.br/wp-content/uploads/2014/01/Galo_1.jpg
646,,,,,
659,,,,,
661,,,,,
662,,,,,
663,,,,,
664,,,,,
665,,,,,
666,,,,,
669,http://atelielukabrasil.com.br/wp-content/uploads/2014/01/Suporte-Mesa.jpg,,,,
680,http://atelielukabrasil.com.br/wp-content/uploads/2014/01/Suporte-Mesa.jpg,,,,
681,,,,,
700,,,,,
715,,,,,
716,,,,,
717,,,,,
719,,,,,
720,,,,,
721,,,,,
723,,,,,
724,,,,,
725,,,,,
726,,,,,
728,,,,,
801,,,,,
846,,,,,
848,,,,,
864,,,,,
959,,,,,
975,,,,,
976,,,,,
977,,,,,
978,,,,,
979,,,,,
980,,,,,
995,,,,,
1000,,,,,
1021,,,,,
1023,,,,,
1056,http://atelielukabrasil.com.br/wp-content/uploads/2015/06/Template-End.jpg,http://atelielukabrasil.com.br/wp-content/uploads/2015/06/Placa-ceramica-Cantinho-Churrasco.jpg,http://atelielukabrasil.com.br/wp-content/uploads/2015/06/Template-Placas_2.jpg,http://atelielukabrasil.com.br/wp-content/uploads/2015/06/Azulejo-decorado-com-nome-de-familia-e-numero-de-casa.jpg,http://atelielukabrasil.com.br/wp-content/uploads/2015/06/Placa-ceramica-com-nome-de-familia.jpg
1068,http://atelielukabrasil.com.br/wp-content/uploads/2015/06/Mandala-em-prato-decorativo.jpg,http://atelielukabrasil.com.br/wp-content/uploads/2015/06/Renda-1_22.jpg,http://atelielukabrasil.com.br/wp-content/uploads/2015/06/Mandala-in-yang.jpg,http://atelielukabrasil.com.br/wp-content/uploads/2015/06/Mandala-árvore-da-vida.jpg,http://atelielukabrasil.com.br/wp-content/uploads/2015/06/Mandala-Lilás-.jpg
1082,,,,,
1087,,,,,
1166,http://atelielukabrasil.com.br/wp-content/uploads/2015/09/Brasão-Grossi.jpg,http://atelielukabrasil.com.br/wp-content/uploads/2015/09/Brasão-França.jpg,http://atelielukabrasil.com.br/wp-content/uploads/2015/09/Brasão-Farias.jpg,http://atelielukabrasil.com.br/wp-content/uploads/2015/09/Brasão-Damaceno.jpg,http://atelielukabrasil.com.br/wp-content/uploads/2015/09/Brasão-Fagundes.jpg
1168,http://atelielukabrasil.com.br/wp-content/uploads/2014/08/Slider_Maternidade-30x20.jpg,http://atelielukabrasil.com.br/wp-content/uploads/2014/08/Slider_Maternidade-Alice.jpg,http://atelielukabrasil.com.br/wp-content/uploads/2015/09/Gustavo.jpg,http://atelielukabrasil.com.br/wp-content/uploads/2015/09/Thayla.jpg,http://atelielukabrasil.com.br/wp-content/uploads/2015/09/Marcos.jpg
1231,,,,,
1306,http://atelielukabrasil.com.br/wp-content/uploads/2016/01/Namoradeira_2.jpg,http://atelielukabrasil.com.br/wp-content/uploads/2016/01/Namoradeira_3.jpg,http://atelielukabrasil.com.br/wp-content/uploads/2016/01/Namoradeira_1.jpg,,
1332,,,,,
1342,http://atelielukabrasil.com.br/wp-content/uploads/2016/01/Espaço-Gourmet-1.jpg,,,,
1420,,,,,
1428,,,,,
1578,http://atelielukabrasil.com.br/wp-content/uploads/2017/04/Azulejo-decorado-fachada-com-azulejo-painél-de-azulejo.jpg,http://atelielukabrasil.com.br/wp-content/uploads/2017/04/Fachada-de-azulejos-azulejos-decorados-painéis-de-azulejo.jpg,,,
1583,http://atelielukabrasil.com.br/wp-content/uploads/2017/04/Brasão-de-Família-Ribeiro.jpg,http://atelielukabrasil.com.br/wp-content/uploads/2017/04/Brasão-da-família-Nascimento.jpg,http://atelielukabrasil.com.br/wp-content/uploads/2017/04/Pintura-em-azulejo-Brasão-da-família-Almeida.jpg,,
1640,,,,,
1844,http://atelielukabrasil.com.br/wp-content/uploads/2014/01/Prato-decorativo-para-cozinha.jpg,http://atelielukabrasil.com.br/wp-content/uploads/2019/03/Cozinha-Prato-Decorativo.jpg,http://atelielukabrasil.com.br/wp-content/uploads/2019/03/Cozinha-pratos-decoração.jpg,http://atelielukabrasil.com.br/wp-content/uploads/2019/03/Prato-Decoração-Cozinha.jpg,http://atelielukabrasil.com.br/wp-content/uploads/2019/03/Prato-Cozinha-Decoração.jpg
1850,,,,,
1859,http://atelielukabrasil.com.br/wp-content/uploads/2019/03/Cozinha-pratos-decoração.jpg,http://atelielukabrasil.com.br/wp-content/uploads/2019/03/Cozinha-Prato-Decorativo.jpg,http://atelielukabrasil.com.br/wp-content/uploads/2019/03/Prato-Cozinha-Decoração.jpg,http://atelielukabrasil.com.br/wp-content/uploads/2019/03/Cozinha-decorada-Pratos-decorados.jpg,http://atelielukabrasil.com.br/wp-content/uploads/2019/03/20171030_135039.jpg
1863,http://atelielukabrasil.com.br/wp-content/uploads/2019/03/Prato-decorativo-de-cozinha.jpg,http://atelielukabrasil.com.br/wp-content/uploads/2019/03/Prato-para-decorar-restaurante.jpg,,,
1881,,,,,
1888,http://atelielukabrasil.com.br/wp-content/uploads/2019/05/Paixão-3.jpg,http://atelielukabrasil.com.br/wp-content/uploads/2019/05/Caneca-Lettering-de-Porcelana-Legítima.jpg,http://atelielukabrasil.com.br/wp-content/uploads/2019/05/Paixão-4.jpg,http://atelielukabrasil.com.br/wp-content/uploads/2019/05/Paixão-5.jpg,http://atelielukabrasil.com.br/wp-content/uploads/2019/05/Paixão-6.jpg
1895,http://atelielukabrasil.com.br/wp-content/uploads/2019/05/Paixão-5.jpg,,,,
1898,http://atelielukabrasil.com.br/wp-content/uploads/2019/05/Porcelana-Lettering-para-dia-dos-Namorados.jpg,,,,
1901,http://atelielukabrasil.com.br/wp-content/uploads/2019/05/Caneca-Lettering-Feliz-Aniverssário.jpg,,,,
1904,http://atelielukabrasil.com.br/wp-content/uploads/2019/05/Caneca-Amo-a-Família-1.jpg,,,,
1907,http://atelielukabrasil.com.br/wp-content/uploads/2019/05/Caneca-Lettering-de-porcelana-legítima.jpg,,,,
